,support,itemsets
0,0.7555555555555555,frozenset({0})
1,0.6444444444444445,frozenset({1})
2,0.6888888888888889,frozenset({2})
3,0.8,frozenset({3})
4,0.6,frozenset({5})
5,0.5555555555555556,frozenset({7})
6,0.5555555555555556,"frozenset({0, 1})"
7,0.5777777777777777,"frozenset({0, 2})"
8,0.6222222222222222,"frozenset({0, 3})"
9,0.5333333333333333,"frozenset({2, 3})"
10,0.5333333333333333,"frozenset({5, 7})"
